scenario,target,baseline,metric,num_pairs,mean_diff,bootstrap_ci95_low,bootstrap_ci95_high,paired_t_stat,paired_t_pvalue_approx,wilcoxon_pvalue,wilcoxon_stat,cohen_dz,rank_biserial,cliffs_delta,win_pairs,loss_pairs,tie_pairs,paired_t_pvalue_holm,paired_t_pvalue_bonferroni,wilcoxon_pvalue_holm,wilcoxon_pvalue_bonferroni
paper_base,rollout_joint,full,avg_secrecy_rate,3,1.0416350076579126,1.035979892398952,1.0490313819722155,269.37035087904064,0.0,0.25,0.0,155.52104459171807,1.0,1.0,3,0,0,0.0,0.0,1.0,1.0
paper_base,rollout_joint,periodic,avg_secrecy_rate,3,0.033236129036646,0.009761083533977422,0.05444848401439217,2.566564640476317,0.010271147933670566,0.25,0.0,1.4818067860715767,1.0,1.0,3,0,0,0.07189803553569396,0.43138821321416376,1.0,1.0
paper_base,rollout_joint,aoi_only,avg_secrecy_rate,3,0.015854549579436068,0.0055958930182573585,0.02850011504149541,2.3597552562106077,0.018286995244017668,0.25,0.0,1.3624053323948286,1.0,0.3333333333333333,3,0,0,0.09143497622008834,0.768053800248742,1.0,1.0
paper_base,rollout_joint,security_risk,avg_secrecy_rate,3,0.10191170699506465,0.09382079323779169,0.10779399240237986,24.368264840389593,0.0,0.25,0.0,14.069024265283025,1.0,1.0,3,0,0,0.0,0.0,1.0,1.0
paper_base,rollout_joint,security_margin,avg_secrecy_rate,3,0.7553675429557899,0.6881643601123445,0.8873542316599615,11.445475935758337,0.0,0.25,0.0,6.608048612513459,1.0,1.0,3,0,0,0.0,0.0,1.0,1.0
paper_base,rollout_joint,decoupled,avg_secrecy_rate,3,0.033236129036646,0.009761083533977422,0.05444848401439217,2.566564640476317,0.010271147933670566,0.25,0.0,1.4818067860715767,1.0,1.0,3,0,0,0.07189803553569396,0.43138821321416376,1.0,1.0
paper_base,rollout_joint,random_budgeted,avg_secrecy_rate,3,1.5518448604770556,1.4411222934796202,1.6326923316001738,27.090659519577898,0.0,0.25,0.0,15.640799566152797,1.0,1.0,3,0,0,0.0,0.0,1.0,1.0
paper_base,rollout_joint,myopic_greedy_no_sync,avg_secrecy_rate,3,0.694010513340476,0.6746012773591867,0.7118738084127879,64.33539684563662,0.0,0.25,0.0,37.144058687249704,1.0,1.0,3,0,0,0.0,0.0,1.0,1.0
paper_base,rollout_joint,no_twin,avg_secrecy_rate,3,0.310088438538816,0.3030610803053966,0.3137622183275124,88.22125888973838,0.0,0.25,0.0,50.93456756823813,1.0,1.0,3,0,0,0.0,0.0,1.0,1.0
paper_base,rollout_joint,sca_twin,avg_secrecy_rate,3,0.01372802154405961,3.0637977732617117e-05,0.0253003639733711,1.8622557620139188,0.06256704783636824,0.25,0.0,1.0751738654986678,1.0,0.5555555555555556,3,0,0,0.18770114350910472,1.0,1.0,1.0
paper_base,rollout_joint,sca_oracle,avg_secrecy_rate,3,-0.028291045252139213,-0.029677363903106935,-0.02689132523462323,-35.17526711332289,0.0,0.25,0.0,-20.308449936693965,-1.0,-0.7777777777777778,0,3,0,0.0,0.0,1.0,1.0
paper_base,rollout_joint,rollout_fixed_periodic,avg_secrecy_rate,3,0.025376043936771325,0.007190455538743645,0.03723245012503318,2.7487866467488735,0.00598163072931035,0.25,0.0,1.587012710445311,1.0,1.0,3,0,0,0.0478530458344828,0.2512284906310347,1.0,1.0
paper_base,rollout_joint,rollout_no_sync,avg_secrecy_rate,3,0.7358555056609335,0.7187533011443378,0.7511141039979962,78.38983918569343,0.0,0.25,0.0,45.258394755591574,1.0,1.0,3,0,0,0.0,0.0,1.0,1.0
paper_base,rollout_joint,oracle_sync,avg_secrecy_rate,3,-0.03611239261054126,-0.044656150105036874,-0.031562482365116606,-8.447553571458867,0.0,0.25,0.0,-4.877197328475562,-1.0,-1.0,0,3,0,0.0,0.0,1.0,1.0
paper_hard,rollout_joint,full,avg_secrecy_rate,3,1.01771447792193,0.9921238937685063,1.0416374971275824,71.08114026641391,0.0,0.25,0.0,41.038715467119616,1.0,1.0,3,0,0,0.0,0.0,1.0,1.0
paper_hard,rollout_joint,periodic,avg_secrecy_rate,3,0.1439182558786841,0.14138877362941948,0.14616493997092617,103.83771708963779,0.0,0.25,0.0,59.95073391373859,1.0,1.0,3,0,0,0.0,0.0,1.0,1.0
paper_hard,rollout_joint,aoi_only,avg_secrecy_rate,3,0.3884167122186318,0.36226527635072814,0.43662393520110365,16.095110225966014,0.0,0.25,0.0,9.292516221598177,1.0,1.0,3,0,0,0.0,0.0,1.0,1.0
paper_hard,rollout_joint,security_risk,avg_secrecy_rate,3,0.18447120547946083,0.15896937908347364,0.2237089948582529,9.264912409066834,0.0,0.25,0.0,5.349099673393042,1.0,1.0,3,0,0,0.0,0.0,1.0,1.0
paper_hard,rollout_joint,security_margin,avg_secrecy_rate,3,0.9179343311582508,0.90581336796676,0.9252580293886431,150.37732786125943,0.0,0.25,0.0,86.82039072071476,1.0,1.0,3,0,0,0.0,0.0,1.0,1.0
paper_hard,rollout_joint,decoupled,avg_secrecy_rate,3,0.1439182558786841,0.14138877362941948,0.14616493997092617,103.83771708963779,0.0,0.25,0.0,59.95073391373859,1.0,1.0,3,0,0,0.0,0.0,1.0,1.0
paper_hard,rollout_joint,random_budgeted,avg_secrecy_rate,3,1.4425050519869806,1.4277600710818266,1.4616235498677341,144.00362175428094,0.0,0.25,0.0,83.14052978411516,1.0,1.0,3,0,0,0.0,0.0,1.0,1.0
paper_hard,rollout_joint,myopic_greedy_no_sync,avg_secrecy_rate,3,0.686920013220211,0.6773211497234016,0.6991242075977265,106.8738143211517,0.0,0.25,0.0,61.70362546763902,1.0,1.0,3,0,0,0.0,0.0,1.0,1.0
paper_hard,rollout_joint,no_twin,avg_secrecy_rate,3,0.37788200200109245,0.35481344238032064,0.41386133021384874,20.731901286423607,0.0,0.25,0.0,11.969568788529417,1.0,1.0,3,0,0,0.0,0.0,1.0,1.0
paper_hard,rollout_joint,sca_twin,avg_secrecy_rate,3,0.001040764996403117,-0.015207704818213319,0.02811547278689397,0.07637215265723613,0.9391230238446611,1.0,3.0,0.04409348289524647,0.0,0.1111111111111111,1,2,0,0.9391230238446611,1.0,1.0,1.0
paper_hard,rollout_joint,sca_oracle,avg_secrecy_rate,3,-0.04306106090180065,-0.06204891937775647,-0.026005600810970586,-4.120843448790676,3.774878758244782e-05,0.25,0.0,-2.379170074447603,-1.0,-1.0,0,3,0,0.00033973908824203036,0.0015854490784628084,1.0,1.0
paper_hard,rollout_joint,rollout_fixed_periodic,avg_secrecy_rate,3,0.004033374586029777,-0.0052643575660302755,0.008820002324512188,0.8674770018852092,0.3856807074461157,0.5,1.0,0.500838080554235,0.6666666666666666,0.1111111111111111,2,1,0,0.7713614148922314,1.0,1.0,1.0
paper_hard,rollout_joint,rollout_no_sync,avg_secrecy_rate,3,0.7765517855826655,0.7675509189956462,0.7869112081215882,137.9319487420782,0.0,0.25,0.0,79.63504773608851,1.0,1.0,3,0,0,0.0,0.0,1.0,1.0
paper_hard,rollout_joint,oracle_sync,avg_secrecy_rate,3,-0.04672821088567791,-0.04966283693813356,-0.044716984857573694,-31.14092287219448,0.0,0.25,0.0,-17.979220203074856,-1.0,-1.0,0,3,0,0.0,0.0,1.0,1.0
scenario_stress,rollout_joint,full,avg_secrecy_rate,3,0.9411437590023458,0.9286208757015388,0.9630153735684871,85.76023196619643,0.0,0.25,0.0,49.513693011448254,1.0,1.0,3,0,0,0.0,0.0,1.0,1.0
scenario_stress,rollout_joint,periodic,avg_secrecy_rate,3,0.24109701063271172,0.18531058515615073,0.2855450335179146,8.176843708760208,4.440892098500626e-16,0.25,0.0,4.720902916374204,1.0,1.0,3,0,0,5.329070518200751e-15,1.865174681370263e-14,1.0,1.0
scenario_stress,rollout_joint,aoi_only,avg_secrecy_rate,3,0.45573929047088263,0.3620712827817593,0.5349019740774451,9.039519562255425,0.0,0.25,0.0,5.218969052613057,1.0,1.0,3,0,0,0.0,0.0,1.0,1.0
scenario_stress,rollout_joint,security_risk,avg_secrecy_rate,3,0.3281343713249797,0.28883493978939934,0.3616385788178147,15.466793398170193,0.0,0.25,0.0,8.929757331933889,1.0,1.0,3,0,0,0.0,0.0,1.0,1.0
scenario_stress,rollout_joint,security_margin,avg_secrecy_rate,3,0.931147783466025,0.928922779829385,0.9327255428316783,813.604998073407,0.0,0.25,0.0,469.7350646517065,1.0,1.0,3,0,0,0.0,0.0,1.0,1.0
scenario_stress,rollout_joint,decoupled,avg_secrecy_rate,3,0.24109701063271172,0.18531058515615073,0.2855450335179146,8.176843708760208,4.440892098500626e-16,0.25,0.0,4.720902916374204,1.0,1.0,3,0,0,5.329070518200751e-15,1.865174681370263e-14,1.0,1.0
scenario_stress,rollout_joint,random_budgeted,avg_secrecy_rate,3,1.24905692956476,1.2338839770094256,1.258504118100705,163.01628067689185,0.0,0.25,0.0,94.11749353109509,1.0,1.0,3,0,0,0.0,0.0,1.0,1.0
scenario_stress,rollout_joint,myopic_greedy_no_sync,avg_secrecy_rate,3,0.7767770574312864,0.7689263204735329,0.7810227786909808,197.6671053113781,0.0,0.25,0.0,114.12315646145825,1.0,1.0,3,0,0,0.0,0.0,1.0,1.0
scenario_stress,rollout_joint,no_twin,avg_secrecy_rate,3,0.25082586472086194,0.24125322699219653,0.2694795694387292,26.88976184533027,0.0,0.25,0.0,15.52481123984636,1.0,1.0,3,0,0,0.0,0.0,1.0,1.0
scenario_stress,rollout_joint,sca_twin,avg_secrecy_rate,3,0.785433619859115,0.7762525573044284,0.790944253523973,169.96438784649538,0.0,0.25,0.0,98.12898507582406,1.0,1.0,3,0,0,0.0,0.0,1.0,1.0
scenario_stress,rollout_joint,sca_oracle,avg_secrecy_rate,3,0.0395826640520364,0.029574118575996122,0.05083784840104921,6.4154709125567715,1.403881455530609e-10,0.25,0.0,3.7039738583428665,1.0,1.0,3,0,0,1.403881455530609e-09,5.8963021132285576e-09,1.0,1.0
scenario_stress,rollout_joint,rollout_fixed_periodic,avg_secrecy_rate,3,0.03983746124556964,0.011802393807265776,0.07073720050587196,2.3333328238105246,0.019630683978607788,0.25,0.0,1.3471503339359965,1.0,1.0,3,0,0,0.09143497622008834,0.8244887271015271,1.0,1.0
scenario_stress,rollout_joint,rollout_no_sync,avg_secrecy_rate,3,0.586756491612284,0.5786155716504402,0.5911898085110299,143.959383102239,0.0,0.25,0.0,83.11498858645015,1.0,1.0,3,0,0,0.0,0.0,1.0,1.0
scenario_stress,rollout_joint,oracle_sync,avg_secrecy_rate,3,-0.06266596542351437,-0.06389734167888794,-0.061615185191752575,-94.2400131582927,0.0,0.25,0.0,-54.40949696537417,-1.0,-1.0,0,3,0,0.0,0.0,1.0,1.0
