avg_sync_cost,avg_twin_quality,avg_twin_badness,avg_secrecy_rate,outage_prob,success_prob,method,seed,periodic_k,budget,eve_speed
0.16666666666666666,0.5873121850586597,0.4126878149413402,3.7050625181744703,0.06666666666666667,0.9333333333333333,periodic,42,1,20,0.0
0.16666666666666666,0.5870098407584711,0.41299015924152893,3.6761739500996273,0.06666666666666667,0.9333333333333333,periodic,43,1,20,0.0
0.16666666666666666,0.5860206768967372,0.41397932310326285,3.7522179520109806,0.06666666666666667,0.9333333333333333,periodic,44,1,20,0.0
0.16666666666666666,0.5875371546861499,0.4124628453138501,3.346401884945316,0.075,0.925,periodic,42,1,20,2.0
0.16666666666666666,0.5871054451325493,0.4128945548674507,3.345939569325861,0.075,0.925,periodic,43,1,20,2.0
0.16666666666666666,0.5860206768967372,0.4139793231032629,3.4070321065701603,0.075,0.925,periodic,44,1,20,2.0
0.16666666666666666,0.5918449040707946,0.40815509592920557,3.419872066394175,0.09166666666666666,0.9083333333333333,periodic,42,1,20,4.0
0.16666666666666666,0.5875673846418221,0.4124326153581778,3.417873619397092,0.09166666666666666,0.9083333333333333,periodic,43,1,20,4.0
0.16666666666666666,0.5895900087488694,0.4104099912511307,3.458638230382147,0.08333333333333333,0.9166666666666666,periodic,44,1,20,4.0
0.16666666666666666,0.5930631992501679,0.40693680074983196,3.4408078247107885,0.1,0.9,periodic,42,1,20,6.0
0.16666666666666666,0.5877366808408628,0.41226331915913705,3.442038365050708,0.1,0.9,periodic,43,1,20,6.0
0.16666666666666666,0.5904514521607668,0.40954854783923333,3.478856168683693,0.1,0.9,periodic,44,1,20,6.0
0.16666666666666666,0.5931794288505936,0.4068205711494064,3.4071683101043058,0.11666666666666667,0.8833333333333333,periodic,42,1,20,8.0
0.16666666666666666,0.5878489904609352,0.41215100953906486,3.4105662162459986,0.10833333333333334,0.8916666666666667,periodic,43,1,20,8.0
0.16666666666666666,0.5908784033175097,0.4091215966824901,3.446455474239691,0.11666666666666667,0.8833333333333333,periodic,44,1,20,8.0
0.3333333333333333,0.6785328824666169,0.32146711753338314,3.7050625181744703,0.06666666666666667,0.9333333333333333,periodic,42,1,40,0.0
0.3333333333333333,0.6767113675222164,0.3232886324777836,3.6761739500996273,0.06666666666666667,0.9333333333333333,periodic,43,1,40,0.0
0.3333333333333333,0.6764669481392367,0.32353305186076314,3.7522179520109806,0.06666666666666667,0.9333333333333333,periodic,44,1,40,0.0
0.3333333333333333,0.6786707587404912,0.3213292412595089,3.352020924260508,0.075,0.925,periodic,42,1,40,2.0
0.3333333333333333,0.6767835942994994,0.32321640570050064,3.346950772540908,0.075,0.925,periodic,43,1,40,2.0
0.3333333333333333,0.6764669481392367,0.32353305186076314,3.386366474629625,0.075,0.925,periodic,44,1,40,2.0
0.3333333333333333,0.6797430222838129,0.32025697771618705,3.424522268517706,0.09166666666666666,0.9083333333333333,periodic,42,1,40,4.0
0.3333333333333333,0.6771411367927006,0.32285886320729945,3.4177146661489064,0.09166666666666666,0.9083333333333333,periodic,43,1,40,4.0
0.3333333333333333,0.6770648187711839,0.32293518122881615,3.4472906053731887,0.08333333333333333,0.9166666666666666,periodic,44,1,40,4.0
0.3333333333333333,0.6801707661637042,0.31982923383629575,3.4411488868887847,0.1,0.9,periodic,42,1,40,6.0
0.3333333333333333,0.6773512504204612,0.3226487495795388,3.442038365050708,0.1,0.9,periodic,43,1,40,6.0
0.3333333333333333,0.6774436117260427,0.3225563882739573,3.4779552584111793,0.1,0.9,periodic,44,1,40,6.0
0.3333333333333333,0.6801707661637042,0.31982923383629575,3.4071683101043058,0.11666666666666667,0.8833333333333333,periodic,42,1,40,8.0
0.3333333333333333,0.6773512504204612,0.3226487495795388,3.4105662162459986,0.10833333333333334,0.8916666666666667,periodic,43,1,40,8.0
0.3333333333333333,0.6774492963465488,0.32255070365345123,3.446455474239691,0.11666666666666667,0.8833333333333333,periodic,44,1,40,8.0
0.5,0.7729889716901449,0.227011028309855,3.7050625181744703,0.06666666666666667,0.9333333333333333,periodic,42,1,60,0.0
0.5,0.7712521994600792,0.2287478005399208,3.6761739500996273,0.06666666666666667,0.9333333333333333,periodic,43,1,60,0.0
0.5,0.7689568516995418,0.23104314830045833,3.7522179520109806,0.06666666666666667,0.9333333333333333,periodic,44,1,60,0.0
0.5,0.7730893044306401,0.22691069556935992,3.3560321015040193,0.075,0.925,periodic,42,1,60,2.0
0.5,0.7712901050980331,0.22870989490196691,3.3434365390659364,0.075,0.925,periodic,43,1,60,2.0
0.5,0.7689568516995418,0.23104314830045833,3.4024659556266386,0.075,0.925,periodic,44,1,60,2.0
0.5,0.7735758244927922,0.22642417550720786,3.425405083787867,0.09166666666666666,0.9083333333333333,periodic,42,1,60,4.0
0.5,0.7719355822852028,0.22806441771479719,3.4172137128754656,0.09166666666666666,0.9083333333333333,periodic,43,1,60,4.0
0.5,0.771808949545904,0.22819105045409593,3.447488622306923,0.08333333333333333,0.9166666666666666,periodic,44,1,60,4.0
0.5,0.7735758244927922,0.22642417550720786,3.4411488868887847,0.1,0.9,periodic,42,1,60,6.0
0.5,0.7719355822852028,0.22806441771479719,3.442038365050708,0.1,0.9,periodic,43,1,60,6.0
0.5,0.771808949545904,0.22819105045409593,3.4779552584111793,0.1,0.9,periodic,44,1,60,6.0
0.5,0.7735758244927922,0.22642417550720786,3.4071683101043058,0.11666666666666667,0.8833333333333333,periodic,42,1,60,8.0
0.5,0.7719355822852028,0.22806441771479719,3.4105662162459986,0.10833333333333334,0.8916666666666667,periodic,43,1,60,8.0
0.5,0.771808949545904,0.22819105045409593,3.446455474239691,0.11666666666666667,0.8833333333333333,periodic,44,1,60,8.0
0.6666666666666666,0.8625711843816836,0.13742881561831635,3.7050625181744703,0.06666666666666667,0.9333333333333333,periodic,42,1,80,0.0
0.6666666666666666,0.8619345031427481,0.1380654968572519,3.6761739500996273,0.06666666666666667,0.9333333333333333,periodic,43,1,80,0.0
0.6666666666666666,0.8617943587401963,0.13820564125980372,3.7522179520109806,0.06666666666666667,0.9333333333333333,periodic,44,1,80,0.0
0.6666666666666666,0.8626045094629929,0.13739549053700711,3.357843376275857,0.075,0.925,periodic,42,1,80,2.0
0.6666666666666666,0.8619534595852972,0.13804654041470277,3.343822911323076,0.075,0.925,periodic,43,1,80,2.0
0.6666666666666666,0.8617943587401963,0.13820564125980372,3.397944300632931,0.075,0.925,periodic,44,1,80,2.0
0.6666666666666666,0.8630702127260123,0.1369297872739877,3.425405083787867,0.09166666666666666,0.9083333333333333,periodic,42,1,80,4.0
0.6666666666666666,0.8623020546768786,0.13769794532312132,3.4172137128754656,0.09166666666666666,0.9083333333333333,periodic,43,1,80,4.0
0.6666666666666666,0.8622464628300837,0.13775353716991642,3.447488622306923,0.08333333333333333,0.9166666666666666,periodic,44,1,80,4.0
0.6666666666666666,0.8630702127260123,0.1369297872739877,3.4411488868887847,0.1,0.9,periodic,42,1,80,6.0
0.6666666666666666,0.8623020546768786,0.13769794532312132,3.442038365050708,0.1,0.9,periodic,43,1,80,6.0
0.6666666666666666,0.8622464628300837,0.13775353716991642,3.4779552584111793,0.1,0.9,periodic,44,1,80,6.0
0.6666666666666666,0.8630702127260123,0.1369297872739877,3.4071683101043058,0.11666666666666667,0.8833333333333333,periodic,42,1,80,8.0
0.6666666666666666,0.8623020546768786,0.13769794532312132,3.4105662162459986,0.10833333333333334,0.8916666666666667,periodic,43,1,80,8.0
0.6666666666666666,0.8622464628300837,0.13775353716991642,3.446455474239691,0.11666666666666667,0.8833333333333333,periodic,44,1,80,8.0
0.16666666666666666,0.6703932590800771,0.329606740919923,3.7050625181744703,0.06666666666666667,0.9333333333333333,periodic,42,2,20,0.0
0.16666666666666666,0.6674560567105902,0.3325439432894098,3.6761739500996273,0.06666666666666667,0.9333333333333333,periodic,43,2,20,0.0
0.16666666666666666,0.6687082609541896,0.33129173904581055,3.7522179520109806,0.06666666666666667,0.9333333333333333,periodic,44,2,20,0.0
0.16666666666666666,0.6705142100267186,0.3294857899732814,3.3544172739359746,0.075,0.925,periodic,42,2,20,2.0
0.16666666666666666,0.6676309359983189,0.33236906400168115,3.343236208504407,0.075,0.925,periodic,43,2,20,2.0
0.16666666666666666,0.6687082609541896,0.33129173904581055,3.388129569460236,0.075,0.925,periodic,44,2,20,2.0
0.16666666666666666,0.6712913997418184,0.3287086002581816,3.424522268517706,0.09166666666666666,0.9083333333333333,periodic,42,2,20,4.0
0.16666666666666666,0.6685678134060775,0.33143218659392254,3.4172236980029322,0.09166666666666666,0.9083333333333333,periodic,43,2,20,4.0
0.16666666666666666,0.6691072239402,0.3308927760598001,3.447454356191579,0.08333333333333333,0.9166666666666666,periodic,44,2,20,4.0
0.16666666666666666,0.6715988664717881,0.3284011335282118,3.4411488868887847,0.1,0.9,periodic,42,2,20,6.0
0.16666666666666666,0.6686268450853952,0.33137315491460484,3.442038365050708,0.1,0.9,periodic,43,2,20,6.0
0.16666666666666666,0.6694060071994712,0.33059399280052887,3.4779552584111793,0.1,0.9,periodic,44,2,20,6.0
0.16666666666666666,0.671608402621777,0.328391597378223,3.4071683101043058,0.11666666666666667,0.8833333333333333,periodic,42,2,20,8.0
0.16666666666666666,0.6686715144851528,0.3313284855148472,3.4105662162459986,0.10833333333333334,0.8916666666666667,periodic,43,2,20,8.0
0.16666666666666666,0.6694657711747838,0.33053422882521616,3.446455474239691,0.11666666666666667,0.8833333333333333,periodic,44,2,20,8.0
0.3333333333333333,0.8503708162519497,0.14962918374805045,3.7050625181744703,0.06666666666666667,0.9333333333333333,periodic,42,2,40,0.0
0.3333333333333333,0.848199168108735,0.15180083189126503,3.6761739500996273,0.06666666666666667,0.9333333333333333,periodic,43,2,40,0.0
0.3333333333333333,0.8493629876923576,0.15063701230764232,3.7522179520109806,0.06666666666666667,0.9333333333333333,periodic,44,2,40,0.0
0.3333333333333333,0.8504347175482344,0.14956528245176556,3.35768625467412,0.075,0.925,periodic,42,2,40,2.0
0.3333333333333333,0.8482304442034995,0.1517695557965005,3.3432740382068187,0.075,0.925,periodic,43,2,40,2.0
0.3333333333333333,0.8493629876923576,0.15063701230764234,3.3982841357318194,0.075,0.925,periodic,44,2,40,2.0
0.3333333333333333,0.8508889229761002,0.1491110770238998,3.425405083787867,0.09166666666666666,0.9083333333333333,periodic,42,2,40,4.0
0.3333333333333333,0.8487825860978158,0.15121741390218432,3.4172137128754656,0.09166666666666666,0.9083333333333333,periodic,43,2,40,4.0
0.3333333333333333,0.8499937116084586,0.15000628839154134,3.447488622306923,0.08333333333333333,0.9166666666666666,periodic,44,2,40,4.0
0.3333333333333333,0.8509340537418787,0.14906594625812145,3.4411488868887847,0.1,0.9,periodic,42,2,40,6.0
0.3333333333333333,0.8488633853922207,0.15113661460777922,3.442038365050708,0.1,0.9,periodic,43,2,40,6.0
0.3333333333333333,0.8500349048764663,0.14996509512353368,3.4779552584111793,0.1,0.9,periodic,44,2,40,6.0
0.3333333333333333,0.8509435898918675,0.14905641010813261,3.4071683101043058,0.11666666666666667,0.8833333333333333,periodic,42,2,40,8.0
0.3333333333333333,0.8489080547919784,0.15109194520802163,3.4105662162459986,0.10833333333333334,0.8916666666666667,periodic,43,2,40,8.0
0.3333333333333333,0.8500839594261697,0.14991604057383034,3.446455474239691,0.11666666666666667,0.8833333333333333,periodic,44,2,40,8.0
0.5,0.9735204405151433,0.026479559484856585,3.7050625181744703,0.06666666666666667,0.9333333333333333,periodic,42,2,60,0.0
0.5,0.9734151000180142,0.026584899981985766,3.6761739500996273,0.06666666666666667,0.9333333333333333,periodic,43,2,60,0.0
0.5,0.9734218128690684,0.02657818713093147,3.7522179520109806,0.06666666666666667,0.9333333333333333,periodic,44,2,60,0.0
0.5,0.9735333419418077,0.026466658058192174,3.357038431179853,0.075,0.925,periodic,42,2,60,2.0
0.5,0.9734552047582026,0.026544795241797425,3.3447052128886035,0.075,0.925,periodic,43,2,60,2.0
0.5,0.9734218128690684,0.026578187130931474,3.3978295293641825,0.075,0.925,periodic,44,2,60,2.0
0.5,0.973725621317961,0.0262743786820389,3.425405083787867,0.09166666666666666,0.9083333333333333,periodic,42,2,60,4.0
0.5,0.9736484826647946,0.026351517335205334,3.4172137128754656,0.09166666666666666,0.9083333333333333,periodic,43,2,60,4.0
0.5,0.9736164339063776,0.02638356609362235,3.447488622306923,0.08333333333333333,0.9166666666666666,periodic,44,2,60,4.0
0.5,0.9737707520837394,0.02622924791626054,3.4411488868887847,0.1,0.9,periodic,42,2,60,6.0
0.5,0.9737292819591997,0.026270718040800226,3.442038365050708,0.1,0.9,periodic,43,2,60,6.0
0.5,0.9736576271743852,0.026342372825614656,3.4779552584111793,0.1,0.9,periodic,44,2,60,6.0
0.5,0.9737802882337283,0.026219711766271678,3.4071683101043058,0.11666666666666667,0.8833333333333333,periodic,42,2,60,8.0
0.5,0.9737739513589574,0.026226048641042655,3.4105662162459986,0.10833333333333334,0.8916666666666667,periodic,43,2,60,8.0
0.5,0.9737066817240887,0.026293318275911318,3.446455474239691,0.11666666666666667,0.8833333333333333,periodic,44,2,60,8.0
0.5,0.9735204405151433,0.026479559484856585,3.7050625181744703,0.06666666666666667,0.9333333333333333,periodic,42,2,80,0.0
0.5,0.9734151000180142,0.026584899981985766,3.6761739500996273,0.06666666666666667,0.9333333333333333,periodic,43,2,80,0.0
0.5,0.9734218128690684,0.02657818713093147,3.7522179520109806,0.06666666666666667,0.9333333333333333,periodic,44,2,80,0.0
0.5,0.9735333419418077,0.026466658058192174,3.357038431179853,0.075,0.925,periodic,42,2,80,2.0
0.5,0.9734552047582026,0.026544795241797425,3.3447052128886035,0.075,0.925,periodic,43,2,80,2.0
0.5,0.9734218128690684,0.026578187130931474,3.3978295293641825,0.075,0.925,periodic,44,2,80,2.0
0.5,0.973725621317961,0.0262743786820389,3.425405083787867,0.09166666666666666,0.9083333333333333,periodic,42,2,80,4.0
0.5,0.9736484826647946,0.026351517335205334,3.4172137128754656,0.09166666666666666,0.9083333333333333,periodic,43,2,80,4.0
0.5,0.9736164339063776,0.02638356609362235,3.447488622306923,0.08333333333333333,0.9166666666666666,periodic,44,2,80,4.0
0.5,0.9737707520837394,0.02622924791626054,3.4411488868887847,0.1,0.9,periodic,42,2,80,6.0
0.5,0.9737292819591997,0.026270718040800226,3.442038365050708,0.1,0.9,periodic,43,2,80,6.0
0.5,0.9736576271743852,0.026342372825614656,3.4779552584111793,0.1,0.9,periodic,44,2,80,6.0
0.5,0.9737802882337283,0.026219711766271678,3.4071683101043058,0.11666666666666667,0.8833333333333333,periodic,42,2,80,8.0
0.5,0.9737739513589574,0.026226048641042655,3.4105662162459986,0.10833333333333334,0.8916666666666667,periodic,43,2,80,8.0
0.5,0.9737066817240887,0.026293318275911318,3.446455474239691,0.11666666666666667,0.8833333333333333,periodic,44,2,80,8.0
0.16666666666666666,0.8266585015954746,0.17334149840452537,3.7050625181744703,0.06666666666666667,0.9333333333333333,periodic,42,4,20,0.0
0.16666666666666666,0.8231752718914996,0.17682472810850036,3.6761739500996273,0.06666666666666667,0.9333333333333333,periodic,43,4,20,0.0
0.16666666666666666,0.825484979819872,0.17451502018012807,3.7522179520109806,0.06666666666666667,0.9333333333333333,periodic,44,4,20,0.0
0.16666666666666666,0.8266862633643856,0.17331373663561445,3.3590995046604717,0.075,0.925,periodic,42,4,20,2.0
0.16666666666666666,0.8232060258656406,0.17679397413435927,3.3445532193136183,0.075,0.925,periodic,43,4,20,2.0
0.16666666666666666,0.825484979819872,0.17451502018012807,3.397386458280665,0.075,0.925,periodic,44,4,20,2.0
0.16666666666666666,0.8271263237350117,0.17287367626498842,3.4217574749407613,0.09166666666666666,0.9083333333333333,periodic,42,4,20,4.0
0.16666666666666666,0.8236476487102559,0.17635235128974416,3.4168607139473504,0.09166666666666666,0.9083333333333333,periodic,43,4,20,4.0
0.16666666666666666,0.8260154094934975,0.17398459050650256,3.4471519568054476,0.08333333333333333,0.9166666666666666,periodic,44,4,20,4.0
0.16666666666666666,0.827201142504643,0.17279885749535706,3.4411293279063444,0.1,0.9,periodic,42,4,20,6.0
0.16666666666666666,0.8237438475499862,0.1762561524500139,3.442038365050708,0.1,0.9,periodic,43,4,20,6.0
0.16666666666666666,0.8261506624369065,0.17384933756309354,3.4777884549934024,0.1,0.9,periodic,44,4,20,6.0
0.16666666666666666,0.8272531569218884,0.1727468430781117,3.4071683101043058,0.11666666666666667,0.8833333333333333,periodic,42,4,20,8.0
0.16666666666666666,0.8237847144236193,0.17621528557638064,3.4105662162459986,0.10833333333333334,0.8916666666666667,periodic,43,4,20,8.0
0.16666666666666666,0.8262421277592089,0.17375787224079092,3.446455474239691,0.11666666666666667,0.8833333333333333,periodic,44,4,20,8.0
0.25,0.9503327501584994,0.049667249841500664,3.7050625181744703,0.06666666666666667,0.9333333333333333,periodic,42,4,40,0.0
0.25,0.9501573854102799,0.04984261458972013,3.6761739500996273,0.06666666666666667,0.9333333333333333,periodic,43,4,40,0.0
0.25,0.9499965927256214,0.050003407274378533,3.7522179520109806,0.06666666666666667,0.9333333333333333,periodic,44,4,40,0.0
0.25,0.950402508484172,0.04959749151582802,3.3584516811662057,0.075,0.925,periodic,42,4,40,2.0
0.25,0.9502740756087166,0.0497259243912833,3.3459894845746345,0.075,0.925,periodic,43,4,40,2.0
0.25,0.9499965927256214,0.050003407274378533,3.3969433800655104,0.075,0.925,periodic,44,4,40,2.0
0.25,0.9507319861767177,0.049268013823282344,3.4217574749407613,0.09166666666666666,0.9083333333333333,periodic,42,4,40,4.0
0.25,0.9505140920967003,0.049485907903299535,3.4168607139473504,0.09166666666666666,0.9083333333333333,periodic,43,4,40,4.0
0.25,0.9503401060596958,0.049659893940304144,3.4471519568054476,0.08333333333333333,0.9166666666666666,periodic,44,4,40,4.0
0.25,0.9508068049463491,0.04919319505365097,3.4411293279063444,0.1,0.9,periodic,42,4,40,6.0
0.25,0.9506102909364306,0.049389709063569244,3.442038365050708,0.1,0.9,periodic,43,4,40,6.0
0.25,0.9504753590031049,0.049524640996895145,3.4777884549934024,0.1,0.9,periodic,44,4,40,6.0
0.25,0.9508588193635944,0.04914118063640559,3.4071683101043058,0.11666666666666667,0.8833333333333333,periodic,42,4,40,8.0
0.25,0.950651157810064,0.04934884218993596,3.4105662162459986,0.10833333333333334,0.8916666666666667,periodic,43,4,40,8.0
0.25,0.9505668243254074,0.049433175674592565,3.446455474239691,0.11666666666666667,0.8833333333333333,periodic,44,4,40,8.0
0.25,0.9503327501584994,0.049667249841500664,3.7050625181744703,0.06666666666666667,0.9333333333333333,periodic,42,4,60,0.0
0.25,0.9501573854102799,0.04984261458972013,3.6761739500996273,0.06666666666666667,0.9333333333333333,periodic,43,4,60,0.0
0.25,0.9499965927256214,0.050003407274378533,3.7522179520109806,0.06666666666666667,0.9333333333333333,periodic,44,4,60,0.0
0.25,0.950402508484172,0.04959749151582802,3.3584516811662057,0.075,0.925,periodic,42,4,60,2.0
0.25,0.9502740756087166,0.0497259243912833,3.3459894845746345,0.075,0.925,periodic,43,4,60,2.0
0.25,0.9499965927256214,0.050003407274378533,3.3969433800655104,0.075,0.925,periodic,44,4,60,2.0
0.25,0.9507319861767177,0.049268013823282344,3.4217574749407613,0.09166666666666666,0.9083333333333333,periodic,42,4,60,4.0
0.25,0.9505140920967003,0.049485907903299535,3.4168607139473504,0.09166666666666666,0.9083333333333333,periodic,43,4,60,4.0
0.25,0.9503401060596958,0.049659893940304144,3.4471519568054476,0.08333333333333333,0.9166666666666666,periodic,44,4,60,4.0
0.25,0.9508068049463491,0.04919319505365097,3.4411293279063444,0.1,0.9,periodic,42,4,60,6.0
0.25,0.9506102909364306,0.049389709063569244,3.442038365050708,0.1,0.9,periodic,43,4,60,6.0
0.25,0.9504753590031049,0.049524640996895145,3.4777884549934024,0.1,0.9,periodic,44,4,60,6.0
0.25,0.9508588193635944,0.04914118063640559,3.4071683101043058,0.11666666666666667,0.8833333333333333,periodic,42,4,60,8.0
0.25,0.950651157810064,0.04934884218993596,3.4105662162459986,0.10833333333333334,0.8916666666666667,periodic,43,4,60,8.0
0.25,0.9505668243254074,0.049433175674592565,3.446455474239691,0.11666666666666667,0.8833333333333333,periodic,44,4,60,8.0
0.25,0.9503327501584994,0.049667249841500664,3.7050625181744703,0.06666666666666667,0.9333333333333333,periodic,42,4,80,0.0
0.25,0.9501573854102799,0.04984261458972013,3.6761739500996273,0.06666666666666667,0.9333333333333333,periodic,43,4,80,0.0
0.25,0.9499965927256214,0.050003407274378533,3.7522179520109806,0.06666666666666667,0.9333333333333333,periodic,44,4,80,0.0
0.25,0.950402508484172,0.04959749151582802,3.3584516811662057,0.075,0.925,periodic,42,4,80,2.0
0.25,0.9502740756087166,0.0497259243912833,3.3459894845746345,0.075,0.925,periodic,43,4,80,2.0
0.25,0.9499965927256214,0.050003407274378533,3.3969433800655104,0.075,0.925,periodic,44,4,80,2.0
0.25,0.9507319861767177,0.049268013823282344,3.4217574749407613,0.09166666666666666,0.9083333333333333,periodic,42,4,80,4.0
0.25,0.9505140920967003,0.049485907903299535,3.4168607139473504,0.09166666666666666,0.9083333333333333,periodic,43,4,80,4.0
0.25,0.9503401060596958,0.049659893940304144,3.4471519568054476,0.08333333333333333,0.9166666666666666,periodic,44,4,80,4.0
0.25,0.9508068049463491,0.04919319505365097,3.4411293279063444,0.1,0.9,periodic,42,4,80,6.0
0.25,0.9506102909364306,0.049389709063569244,3.442038365050708,0.1,0.9,periodic,43,4,80,6.0
0.25,0.9504753590031049,0.049524640996895145,3.4777884549934024,0.1,0.9,periodic,44,4,80,6.0
0.25,0.9508588193635944,0.04914118063640559,3.4071683101043058,0.11666666666666667,0.8833333333333333,periodic,42,4,80,8.0
0.25,0.950651157810064,0.04934884218993596,3.4105662162459986,0.10833333333333334,0.8916666666666667,periodic,43,4,80,8.0
0.25,0.9505668243254074,0.049433175674592565,3.446455474239691,0.11666666666666667,0.8833333333333333,periodic,44,4,80,8.0
0.125,0.9050418615509412,0.09495813844905873,3.7050625181744703,0.06666666666666667,0.9333333333333333,periodic,42,8,20,0.0
0.125,0.9042561450156358,0.0957438549843641,3.6691825720613296,0.06666666666666667,0.9333333333333333,periodic,43,8,20,0.0
0.125,0.9042812278911573,0.09571877210884275,3.7522179520109806,0.06666666666666667,0.9333333333333333,periodic,44,8,20,0.0
0.125,0.9050948149960863,0.09490518500391366,3.3587364504816533,0.075,0.925,periodic,42,8,20,2.0
0.125,0.9045212799400487,0.09547872005995124,3.345132350565353,0.075,0.925,periodic,43,8,20,2.0
0.125,0.9042812278911573,0.09571877210884275,3.397420647981473,0.075,0.925,periodic,44,8,20,2.0
0.125,0.9056117197589941,0.09438828024100586,3.42522416506018,0.09166666666666666,0.9083333333333333,periodic,42,8,20,4.0
0.125,0.9048812264022712,0.0951187735977288,3.4137390127346428,0.09166666666666666,0.9083333333333333,periodic,43,8,20,4.0
0.125,0.904828045044136,0.09517195495586386,3.4471181091454834,0.08333333333333333,0.9166666666666666,periodic,44,8,20,4.0
0.125,0.9057764587711502,0.09422354122884984,3.440774830590394,0.1,0.9,periodic,42,8,20,6.0
0.125,0.9049433491959042,0.09505665080409566,3.442038365050708,0.1,0.9,periodic,43,8,20,6.0
0.125,0.9049880719787455,0.09501192802125442,3.4777677331034784,0.1,0.9,periodic,44,8,20,6.0
0.125,0.9059006140990775,0.09409938590092255,3.4071683101043058,0.11666666666666667,0.8833333333333333,periodic,42,8,20,8.0
0.125,0.9049720810754868,0.0950279189245133,3.399026881721847,0.11666666666666667,0.8833333333333333,periodic,43,8,20,8.0
0.125,0.9050220459495346,0.09497795405046539,3.446455474239691,0.11666666666666667,0.8833333333333333,periodic,44,8,20,8.0
0.125,0.9050418615509412,0.09495813844905873,3.7050625181744703,0.06666666666666667,0.9333333333333333,periodic,42,8,40,0.0
0.125,0.9042561450156358,0.0957438549843641,3.6691825720613296,0.06666666666666667,0.9333333333333333,periodic,43,8,40,0.0
0.125,0.9042812278911573,0.09571877210884275,3.7522179520109806,0.06666666666666667,0.9333333333333333,periodic,44,8,40,0.0
0.125,0.9050948149960863,0.09490518500391366,3.3587364504816533,0.075,0.925,periodic,42,8,40,2.0
0.125,0.9045212799400487,0.09547872005995124,3.345132350565353,0.075,0.925,periodic,43,8,40,2.0
0.125,0.9042812278911573,0.09571877210884275,3.397420647981473,0.075,0.925,periodic,44,8,40,2.0
0.125,0.9056117197589941,0.09438828024100586,3.42522416506018,0.09166666666666666,0.9083333333333333,periodic,42,8,40,4.0
0.125,0.9048812264022712,0.0951187735977288,3.4137390127346428,0.09166666666666666,0.9083333333333333,periodic,43,8,40,4.0
0.125,0.904828045044136,0.09517195495586386,3.4471181091454834,0.08333333333333333,0.9166666666666666,periodic,44,8,40,4.0
0.125,0.9057764587711502,0.09422354122884984,3.440774830590394,0.1,0.9,periodic,42,8,40,6.0
0.125,0.9049433491959042,0.09505665080409566,3.442038365050708,0.1,0.9,periodic,43,8,40,6.0
0.125,0.9049880719787455,0.09501192802125442,3.4777677331034784,0.1,0.9,periodic,44,8,40,6.0
0.125,0.9059006140990775,0.09409938590092255,3.4071683101043058,0.11666666666666667,0.8833333333333333,periodic,42,8,40,8.0
0.125,0.9049720810754868,0.0950279189245133,3.399026881721847,0.11666666666666667,0.8833333333333333,periodic,43,8,40,8.0
0.125,0.9050220459495346,0.09497795405046539,3.446455474239691,0.11666666666666667,0.8833333333333333,periodic,44,8,40,8.0
0.125,0.9050418615509412,0.09495813844905873,3.7050625181744703,0.06666666666666667,0.9333333333333333,periodic,42,8,60,0.0
0.125,0.9042561450156358,0.0957438549843641,3.6691825720613296,0.06666666666666667,0.9333333333333333,periodic,43,8,60,0.0
0.125,0.9042812278911573,0.09571877210884275,3.7522179520109806,0.06666666666666667,0.9333333333333333,periodic,44,8,60,0.0
0.125,0.9050948149960863,0.09490518500391366,3.3587364504816533,0.075,0.925,periodic,42,8,60,2.0
0.125,0.9045212799400487,0.09547872005995124,3.345132350565353,0.075,0.925,periodic,43,8,60,2.0
0.125,0.9042812278911573,0.09571877210884275,3.397420647981473,0.075,0.925,periodic,44,8,60,2.0
0.125,0.9056117197589941,0.09438828024100586,3.42522416506018,0.09166666666666666,0.9083333333333333,periodic,42,8,60,4.0
0.125,0.9048812264022712,0.0951187735977288,3.4137390127346428,0.09166666666666666,0.9083333333333333,periodic,43,8,60,4.0
0.125,0.904828045044136,0.09517195495586386,3.4471181091454834,0.08333333333333333,0.9166666666666666,periodic,44,8,60,4.0
0.125,0.9057764587711502,0.09422354122884984,3.440774830590394,0.1,0.9,periodic,42,8,60,6.0
0.125,0.9049433491959042,0.09505665080409566,3.442038365050708,0.1,0.9,periodic,43,8,60,6.0
0.125,0.9049880719787455,0.09501192802125442,3.4777677331034784,0.1,0.9,periodic,44,8,60,6.0
0.125,0.9059006140990775,0.09409938590092255,3.4071683101043058,0.11666666666666667,0.8833333333333333,periodic,42,8,60,8.0
0.125,0.9049720810754868,0.0950279189245133,3.399026881721847,0.11666666666666667,0.8833333333333333,periodic,43,8,60,8.0
0.125,0.9050220459495346,0.09497795405046539,3.446455474239691,0.11666666666666667,0.8833333333333333,periodic,44,8,60,8.0
0.125,0.9050418615509412,0.09495813844905873,3.7050625181744703,0.06666666666666667,0.9333333333333333,periodic,42,8,80,0.0
0.125,0.9042561450156358,0.0957438549843641,3.6691825720613296,0.06666666666666667,0.9333333333333333,periodic,43,8,80,0.0
0.125,0.9042812278911573,0.09571877210884275,3.7522179520109806,0.06666666666666667,0.9333333333333333,periodic,44,8,80,0.0
0.125,0.9050948149960863,0.09490518500391366,3.3587364504816533,0.075,0.925,periodic,42,8,80,2.0
0.125,0.9045212799400487,0.09547872005995124,3.345132350565353,0.075,0.925,periodic,43,8,80,2.0
0.125,0.9042812278911573,0.09571877210884275,3.397420647981473,0.075,0.925,periodic,44,8,80,2.0
0.125,0.9056117197589941,0.09438828024100586,3.42522416506018,0.09166666666666666,0.9083333333333333,periodic,42,8,80,4.0
0.125,0.9048812264022712,0.0951187735977288,3.4137390127346428,0.09166666666666666,0.9083333333333333,periodic,43,8,80,4.0
0.125,0.904828045044136,0.09517195495586386,3.4471181091454834,0.08333333333333333,0.9166666666666666,periodic,44,8,80,4.0
0.125,0.9057764587711502,0.09422354122884984,3.440774830590394,0.1,0.9,periodic,42,8,80,6.0
0.125,0.9049433491959042,0.09505665080409566,3.442038365050708,0.1,0.9,periodic,43,8,80,6.0
0.125,0.9049880719787455,0.09501192802125442,3.4777677331034784,0.1,0.9,periodic,44,8,80,6.0
0.125,0.9059006140990775,0.09409938590092255,3.4071683101043058,0.11666666666666667,0.8833333333333333,periodic,42,8,80,8.0
0.125,0.9049720810754868,0.0950279189245133,3.399026881721847,0.11666666666666667,0.8833333333333333,periodic,43,8,80,8.0
0.125,0.9050220459495346,0.09497795405046539,3.446455474239691,0.11666666666666667,0.8833333333333333,periodic,44,8,80,8.0
0.08333333333333333,0.8600653769241425,0.1399346230758574,3.7050625181744703,0.06666666666666667,0.9333333333333333,periodic,42,12,20,0.0
0.08333333333333333,0.8590651740072935,0.14093482599270643,3.6691825720613296,0.06666666666666667,0.9333333333333333,periodic,43,12,20,0.0
0.08333333333333333,0.8588276482667409,0.14117235173325915,3.7522179520109806,0.06666666666666667,0.9333333333333333,periodic,44,12,20,0.0
0.08333333333333333,0.8601397736599321,0.13986022634006795,3.357610623048832,0.075,0.925,periodic,42,12,20,2.0
0.08333333333333333,0.8591120993021363,0.14088790069786375,3.344238195302887,0.075,0.925,periodic,43,12,20,2.0
0.08333333333333333,0.8588276482667409,0.14117235173325915,3.3969922783838484,0.075,0.925,periodic,44,12,20,2.0
0.08333333333333333,0.8606710544503381,0.13932894554966194,3.4217391770777614,0.09166666666666666,0.9083333333333333,periodic,42,12,20,4.0
0.08333333333333333,0.8595088300065716,0.1404911699934284,3.416640113132504,0.09166666666666666,0.9083333333333333,periodic,43,12,20,4.0
0.08333333333333333,0.8596519482786945,0.14034805172130552,3.447426733796405,0.08333333333333333,0.9166666666666666,periodic,44,12,20,4.0
0.08333333333333333,0.860794065256655,0.13920593474334506,3.4407670415671516,0.1,0.9,periodic,42,12,20,6.0
0.08333333333333333,0.8596094566857918,0.14039054331420828,3.442038365050708,0.1,0.9,periodic,43,12,20,6.0
0.08333333333333333,0.8600119904221387,0.13998800957786145,3.4779153284180087,0.1,0.9,periodic,44,12,20,6.0
0.08333333333333333,0.8609767346058159,0.1390232653941841,3.4071683101043058,0.11666666666666667,0.8833333333333333,periodic,42,12,20,8.0
0.08333333333333333,0.8596693650177928,0.14033063498220713,3.399026881721847,0.11666666666666667,0.8833333333333333,periodic,43,12,20,8.0
0.08333333333333333,0.8601101632786462,0.13988983672135394,3.446455474239691,0.11666666666666667,0.8833333333333333,periodic,44,12,20,8.0
0.08333333333333333,0.8600653769241425,0.1399346230758574,3.7050625181744703,0.06666666666666667,0.9333333333333333,periodic,42,12,40,0.0
0.08333333333333333,0.8590651740072935,0.14093482599270643,3.6691825720613296,0.06666666666666667,0.9333333333333333,periodic,43,12,40,0.0
0.08333333333333333,0.8588276482667409,0.14117235173325915,3.7522179520109806,0.06666666666666667,0.9333333333333333,periodic,44,12,40,0.0
0.08333333333333333,0.8601397736599321,0.13986022634006795,3.357610623048832,0.075,0.925,periodic,42,12,40,2.0
0.08333333333333333,0.8591120993021363,0.14088790069786375,3.344238195302887,0.075,0.925,periodic,43,12,40,2.0
0.08333333333333333,0.8588276482667409,0.14117235173325915,3.3969922783838484,0.075,0.925,periodic,44,12,40,2.0
0.08333333333333333,0.8606710544503381,0.13932894554966194,3.4217391770777614,0.09166666666666666,0.9083333333333333,periodic,42,12,40,4.0
0.08333333333333333,0.8595088300065716,0.1404911699934284,3.416640113132504,0.09166666666666666,0.9083333333333333,periodic,43,12,40,4.0
0.08333333333333333,0.8596519482786945,0.14034805172130552,3.447426733796405,0.08333333333333333,0.9166666666666666,periodic,44,12,40,4.0
0.08333333333333333,0.860794065256655,0.13920593474334506,3.4407670415671516,0.1,0.9,periodic,42,12,40,6.0
0.08333333333333333,0.8596094566857918,0.14039054331420828,3.442038365050708,0.1,0.9,periodic,43,12,40,6.0
0.08333333333333333,0.8600119904221387,0.13998800957786145,3.4779153284180087,0.1,0.9,periodic,44,12,40,6.0
0.08333333333333333,0.8609767346058159,0.1390232653941841,3.4071683101043058,0.11666666666666667,0.8833333333333333,periodic,42,12,40,8.0
0.08333333333333333,0.8596693650177928,0.14033063498220713,3.399026881721847,0.11666666666666667,0.8833333333333333,periodic,43,12,40,8.0
0.08333333333333333,0.8601101632786462,0.13988983672135394,3.446455474239691,0.11666666666666667,0.8833333333333333,periodic,44,12,40,8.0
0.08333333333333333,0.8600653769241425,0.1399346230758574,3.7050625181744703,0.06666666666666667,0.9333333333333333,periodic,42,12,60,0.0
0.08333333333333333,0.8590651740072935,0.14093482599270643,3.6691825720613296,0.06666666666666667,0.9333333333333333,periodic,43,12,60,0.0
0.08333333333333333,0.8588276482667409,0.14117235173325915,3.7522179520109806,0.06666666666666667,0.9333333333333333,periodic,44,12,60,0.0
0.08333333333333333,0.8601397736599321,0.13986022634006795,3.357610623048832,0.075,0.925,periodic,42,12,60,2.0
0.08333333333333333,0.8591120993021363,0.14088790069786375,3.344238195302887,0.075,0.925,periodic,43,12,60,2.0
0.08333333333333333,0.8588276482667409,0.14117235173325915,3.3969922783838484,0.075,0.925,periodic,44,12,60,2.0
0.08333333333333333,0.8606710544503381,0.13932894554966194,3.4217391770777614,0.09166666666666666,0.9083333333333333,periodic,42,12,60,4.0
0.08333333333333333,0.8595088300065716,0.1404911699934284,3.416640113132504,0.09166666666666666,0.9083333333333333,periodic,43,12,60,4.0
0.08333333333333333,0.8596519482786945,0.14034805172130552,3.447426733796405,0.08333333333333333,0.9166666666666666,periodic,44,12,60,4.0
0.08333333333333333,0.860794065256655,0.13920593474334506,3.4407670415671516,0.1,0.9,periodic,42,12,60,6.0
0.08333333333333333,0.8596094566857918,0.14039054331420828,3.442038365050708,0.1,0.9,periodic,43,12,60,6.0
0.08333333333333333,0.8600119904221387,0.13998800957786145,3.4779153284180087,0.1,0.9,periodic,44,12,60,6.0
0.08333333333333333,0.8609767346058159,0.1390232653941841,3.4071683101043058,0.11666666666666667,0.8833333333333333,periodic,42,12,60,8.0
0.08333333333333333,0.8596693650177928,0.14033063498220713,3.399026881721847,0.11666666666666667,0.8833333333333333,periodic,43,12,60,8.0
0.08333333333333333,0.8601101632786462,0.13988983672135394,3.446455474239691,0.11666666666666667,0.8833333333333333,periodic,44,12,60,8.0
0.08333333333333333,0.8600653769241425,0.1399346230758574,3.7050625181744703,0.06666666666666667,0.9333333333333333,periodic,42,12,80,0.0
0.08333333333333333,0.8590651740072935,0.14093482599270643,3.6691825720613296,0.06666666666666667,0.9333333333333333,periodic,43,12,80,0.0
0.08333333333333333,0.8588276482667409,0.14117235173325915,3.7522179520109806,0.06666666666666667,0.9333333333333333,periodic,44,12,80,0.0
0.08333333333333333,0.8601397736599321,0.13986022634006795,3.357610623048832,0.075,0.925,periodic,42,12,80,2.0
0.08333333333333333,0.8591120993021363,0.14088790069786375,3.344238195302887,0.075,0.925,periodic,43,12,80,2.0
0.08333333333333333,0.8588276482667409,0.14117235173325915,3.3969922783838484,0.075,0.925,periodic,44,12,80,2.0
0.08333333333333333,0.8606710544503381,0.13932894554966194,3.4217391770777614,0.09166666666666666,0.9083333333333333,periodic,42,12,80,4.0
0.08333333333333333,0.8595088300065716,0.1404911699934284,3.416640113132504,0.09166666666666666,0.9083333333333333,periodic,43,12,80,4.0
0.08333333333333333,0.8596519482786945,0.14034805172130552,3.447426733796405,0.08333333333333333,0.9166666666666666,periodic,44,12,80,4.0
0.08333333333333333,0.860794065256655,0.13920593474334506,3.4407670415671516,0.1,0.9,periodic,42,12,80,6.0
0.08333333333333333,0.8596094566857918,0.14039054331420828,3.442038365050708,0.1,0.9,periodic,43,12,80,6.0
0.08333333333333333,0.8600119904221387,0.13998800957786145,3.4779153284180087,0.1,0.9,periodic,44,12,80,6.0
0.08333333333333333,0.8609767346058159,0.1390232653941841,3.4071683101043058,0.11666666666666667,0.8833333333333333,periodic,42,12,80,8.0
0.08333333333333333,0.8596693650177928,0.14033063498220713,3.399026881721847,0.11666666666666667,0.8833333333333333,periodic,43,12,80,8.0
0.08333333333333333,0.8601101632786462,0.13988983672135394,3.446455474239691,0.11666666666666667,0.8833333333333333,periodic,44,12,80,8.0
0.06666666666666667,0.8206873144256933,0.17931268557430682,3.7050625181744703,0.06666666666666667,0.9333333333333333,periodic,42,16,20,0.0
0.06666666666666667,0.8201272875562602,0.1798727124437399,3.6691825720613296,0.06666666666666667,0.9333333333333333,periodic,43,16,20,0.0
0.06666666666666667,0.819343563749347,0.18065643625065306,3.7522179520109806,0.06666666666666667,0.9333333333333333,periodic,44,16,20,0.0
0.06666666666666667,0.8207402678708383,0.1792597321291617,3.358189530117498,0.075,0.925,periodic,42,16,20,2.0
0.06666666666666667,0.8203924224806729,0.17960757751932702,3.34288612778846,0.075,0.925,periodic,43,16,20,2.0
0.06666666666666667,0.819343563749347,0.18065643625065306,3.3984238962472086,0.075,0.925,periodic,44,16,20,2.0
0.06666666666666667,0.8217184166324806,0.17828158336751948,3.42522416506018,0.09166666666666666,0.9083333333333333,periodic,42,16,20,4.0
0.06666666666666667,0.8209618445728516,0.1790381554271485,3.4131590570902066,0.09166666666666666,0.9083333333333333,periodic,43,16,20,4.0
0.06666666666666667,0.8208524430801152,0.17914755691988482,3.44787173115841,0.08333333333333333,0.9166666666666666,periodic,44,16,20,4.0
0.06666666666666667,0.8219221090270051,0.1780778909729948,3.440958763880961,0.1,0.9,periodic,42,16,20,6.0
0.06666666666666667,0.8210915863426981,0.17890841365730206,3.4416727928655866,0.1,0.9,periodic,43,16,20,6.0
0.06666666666666667,0.8212145726615793,0.1787854273384209,3.478216916122122,0.1,0.9,periodic,44,16,20,6.0
0.06666666666666667,0.8219977185925802,0.17800228140741992,3.4071683101043058,0.11666666666666667,0.8833333333333333,periodic,42,16,20,8.0
0.06666666666666667,0.8211406775218794,0.17885932247812072,3.399026881721847,0.11666666666666667,0.8833333333333333,periodic,43,16,20,8.0
0.06666666666666667,0.8214094723754941,0.17859052762450597,3.446455474239691,0.11666666666666667,0.8833333333333333,periodic,44,16,20,8.0
0.06666666666666667,0.8206873144256933,0.17931268557430682,3.7050625181744703,0.06666666666666667,0.9333333333333333,periodic,42,16,40,0.0
0.06666666666666667,0.8201272875562602,0.1798727124437399,3.6691825720613296,0.06666666666666667,0.9333333333333333,periodic,43,16,40,0.0
0.06666666666666667,0.819343563749347,0.18065643625065306,3.7522179520109806,0.06666666666666667,0.9333333333333333,periodic,44,16,40,0.0
0.06666666666666667,0.8207402678708383,0.1792597321291617,3.358189530117498,0.075,0.925,periodic,42,16,40,2.0
0.06666666666666667,0.8203924224806729,0.17960757751932702,3.34288612778846,0.075,0.925,periodic,43,16,40,2.0
0.06666666666666667,0.819343563749347,0.18065643625065306,3.3984238962472086,0.075,0.925,periodic,44,16,40,2.0
0.06666666666666667,0.8217184166324806,0.17828158336751948,3.42522416506018,0.09166666666666666,0.9083333333333333,periodic,42,16,40,4.0
0.06666666666666667,0.8209618445728516,0.1790381554271485,3.4131590570902066,0.09166666666666666,0.9083333333333333,periodic,43,16,40,4.0
0.06666666666666667,0.8208524430801152,0.17914755691988482,3.44787173115841,0.08333333333333333,0.9166666666666666,periodic,44,16,40,4.0
0.06666666666666667,0.8219221090270051,0.1780778909729948,3.440958763880961,0.1,0.9,periodic,42,16,40,6.0
0.06666666666666667,0.8210915863426981,0.17890841365730206,3.4416727928655866,0.1,0.9,periodic,43,16,40,6.0
0.06666666666666667,0.8212145726615793,0.1787854273384209,3.478216916122122,0.1,0.9,periodic,44,16,40,6.0
0.06666666666666667,0.8219977185925802,0.17800228140741992,3.4071683101043058,0.11666666666666667,0.8833333333333333,periodic,42,16,40,8.0
0.06666666666666667,0.8211406775218794,0.17885932247812072,3.399026881721847,0.11666666666666667,0.8833333333333333,periodic,43,16,40,8.0
0.06666666666666667,0.8214094723754941,0.17859052762450597,3.446455474239691,0.11666666666666667,0.8833333333333333,periodic,44,16,40,8.0
0.06666666666666667,0.8206873144256933,0.17931268557430682,3.7050625181744703,0.06666666666666667,0.9333333333333333,periodic,42,16,60,0.0
0.06666666666666667,0.8201272875562602,0.1798727124437399,3.6691825720613296,0.06666666666666667,0.9333333333333333,periodic,43,16,60,0.0
0.06666666666666667,0.819343563749347,0.18065643625065306,3.7522179520109806,0.06666666666666667,0.9333333333333333,periodic,44,16,60,0.0
0.06666666666666667,0.8207402678708383,0.1792597321291617,3.358189530117498,0.075,0.925,periodic,42,16,60,2.0
0.06666666666666667,0.8203924224806729,0.17960757751932702,3.34288612778846,0.075,0.925,periodic,43,16,60,2.0
0.06666666666666667,0.819343563749347,0.18065643625065306,3.3984238962472086,0.075,0.925,periodic,44,16,60,2.0
0.06666666666666667,0.8217184166324806,0.17828158336751948,3.42522416506018,0.09166666666666666,0.9083333333333333,periodic,42,16,60,4.0
0.06666666666666667,0.8209618445728516,0.1790381554271485,3.4131590570902066,0.09166666666666666,0.9083333333333333,periodic,43,16,60,4.0
0.06666666666666667,0.8208524430801152,0.17914755691988482,3.44787173115841,0.08333333333333333,0.9166666666666666,periodic,44,16,60,4.0
0.06666666666666667,0.8219221090270051,0.1780778909729948,3.440958763880961,0.1,0.9,periodic,42,16,60,6.0
0.06666666666666667,0.8210915863426981,0.17890841365730206,3.4416727928655866,0.1,0.9,periodic,43,16,60,6.0
0.06666666666666667,0.8212145726615793,0.1787854273384209,3.478216916122122,0.1,0.9,periodic,44,16,60,6.0
0.06666666666666667,0.8219977185925802,0.17800228140741992,3.4071683101043058,0.11666666666666667,0.8833333333333333,periodic,42,16,60,8.0
0.06666666666666667,0.8211406775218794,0.17885932247812072,3.399026881721847,0.11666666666666667,0.8833333333333333,periodic,43,16,60,8.0
0.06666666666666667,0.8214094723754941,0.17859052762450597,3.446455474239691,0.11666666666666667,0.8833333333333333,periodic,44,16,60,8.0
0.06666666666666667,0.8206873144256933,0.17931268557430682,3.7050625181744703,0.06666666666666667,0.9333333333333333,periodic,42,16,80,0.0
0.06666666666666667,0.8201272875562602,0.1798727124437399,3.6691825720613296,0.06666666666666667,0.9333333333333333,periodic,43,16,80,0.0
0.06666666666666667,0.819343563749347,0.18065643625065306,3.7522179520109806,0.06666666666666667,0.9333333333333333,periodic,44,16,80,0.0
0.06666666666666667,0.8207402678708383,0.1792597321291617,3.358189530117498,0.075,0.925,periodic,42,16,80,2.0
0.06666666666666667,0.8203924224806729,0.17960757751932702,3.34288612778846,0.075,0.925,periodic,43,16,80,2.0
0.06666666666666667,0.819343563749347,0.18065643625065306,3.3984238962472086,0.075,0.925,periodic,44,16,80,2.0
0.06666666666666667,0.8217184166324806,0.17828158336751948,3.42522416506018,0.09166666666666666,0.9083333333333333,periodic,42,16,80,4.0
0.06666666666666667,0.8209618445728516,0.1790381554271485,3.4131590570902066,0.09166666666666666,0.9083333333333333,periodic,43,16,80,4.0
0.06666666666666667,0.8208524430801152,0.17914755691988482,3.44787173115841,0.08333333333333333,0.9166666666666666,periodic,44,16,80,4.0
0.06666666666666667,0.8219221090270051,0.1780778909729948,3.440958763880961,0.1,0.9,periodic,42,16,80,6.0
0.06666666666666667,0.8210915863426981,0.17890841365730206,3.4416727928655866,0.1,0.9,periodic,43,16,80,6.0
0.06666666666666667,0.8212145726615793,0.1787854273384209,3.478216916122122,0.1,0.9,periodic,44,16,80,6.0
0.06666666666666667,0.8219977185925802,0.17800228140741992,3.4071683101043058,0.11666666666666667,0.8833333333333333,periodic,42,16,80,8.0
0.06666666666666667,0.8211406775218794,0.17885932247812072,3.399026881721847,0.11666666666666667,0.8833333333333333,periodic,43,16,80,8.0
0.06666666666666667,0.8214094723754941,0.17859052762450597,3.446455474239691,0.11666666666666667,0.8833333333333333,periodic,44,16,80,8.0
0.05,0.7689887768643078,0.2310112231356922,3.7050625181744703,0.06666666666666667,0.9333333333333333,periodic,42,20,20,0.0
0.05,0.7687186544926642,0.23128134550733576,3.6691825720613296,0.06666666666666667,0.9333333333333333,periodic,43,20,20,0.0
0.05,0.7673933619478707,0.23260663805212933,3.7522179520109806,0.06666666666666667,0.9333333333333333,periodic,44,20,20,0.0
0.05,0.7691334572695693,0.23086654273043067,3.358052637098481,0.075,0.925,periodic,42,20,20,2.0
0.05,0.7687379507854033,0.23126204921459675,3.3447148408483995,0.075,0.925,periodic,43,20,20,2.0
0.05,0.7673933619478707,0.23260663805212933,3.396736872260283,0.075,0.925,periodic,44,20,20,2.0
0.05,0.770272353686662,0.22972764631333806,3.42117464869995,0.09166666666666666,0.9083333333333333,periodic,42,20,20,4.0
0.05,0.7690619080460593,0.23093809195394063,3.414188023853212,0.09166666666666666,0.9083333333333333,periodic,43,20,20,4.0
0.05,0.7684048694124656,0.23159513058753442,3.4555104472407856,0.08333333333333333,0.9166666666666666,periodic,44,20,20,4.0
0.05,0.7708546096870049,0.22914539031299508,3.441268653306411,0.1,0.9,periodic,42,20,20,6.0
0.05,0.7691087443507343,0.2308912556492657,3.4375510301101664,0.1,0.9,periodic,43,20,20,6.0
0.05,0.7688701718288041,0.23112982817119576,3.478511271558696,0.1,0.9,periodic,44,20,20,6.0
0.05,0.771051841312941,0.22894815868705912,3.4071683101043058,0.11666666666666667,0.8833333333333333,periodic,42,20,20,8.0
0.05,0.7692314857473695,0.23076851425263042,3.399026881721847,0.11666666666666667,0.8833333333333333,periodic,43,20,20,8.0
0.05,0.7692717038312508,0.23072829616874924,3.446455474239691,0.11666666666666667,0.8833333333333333,periodic,44,20,20,8.0
0.05,0.7689887768643078,0.2310112231356922,3.7050625181744703,0.06666666666666667,0.9333333333333333,periodic,42,20,40,0.0
0.05,0.7687186544926642,0.23128134550733576,3.6691825720613296,0.06666666666666667,0.9333333333333333,periodic,43,20,40,0.0
0.05,0.7673933619478707,0.23260663805212933,3.7522179520109806,0.06666666666666667,0.9333333333333333,periodic,44,20,40,0.0
0.05,0.7691334572695693,0.23086654273043067,3.358052637098481,0.075,0.925,periodic,42,20,40,2.0
0.05,0.7687379507854033,0.23126204921459675,3.3447148408483995,0.075,0.925,periodic,43,20,40,2.0
0.05,0.7673933619478707,0.23260663805212933,3.396736872260283,0.075,0.925,periodic,44,20,40,2.0
0.05,0.770272353686662,0.22972764631333806,3.42117464869995,0.09166666666666666,0.9083333333333333,periodic,42,20,40,4.0
0.05,0.7690619080460593,0.23093809195394063,3.414188023853212,0.09166666666666666,0.9083333333333333,periodic,43,20,40,4.0
0.05,0.7684048694124656,0.23159513058753442,3.4555104472407856,0.08333333333333333,0.9166666666666666,periodic,44,20,40,4.0
0.05,0.7708546096870049,0.22914539031299508,3.441268653306411,0.1,0.9,periodic,42,20,40,6.0
0.05,0.7691087443507343,0.2308912556492657,3.4375510301101664,0.1,0.9,periodic,43,20,40,6.0
0.05,0.7688701718288041,0.23112982817119576,3.478511271558696,0.1,0.9,periodic,44,20,40,6.0
0.05,0.771051841312941,0.22894815868705912,3.4071683101043058,0.11666666666666667,0.8833333333333333,periodic,42,20,40,8.0
0.05,0.7692314857473695,0.23076851425263042,3.399026881721847,0.11666666666666667,0.8833333333333333,periodic,43,20,40,8.0
0.05,0.7692717038312508,0.23072829616874924,3.446455474239691,0.11666666666666667,0.8833333333333333,periodic,44,20,40,8.0
0.05,0.7689887768643078,0.2310112231356922,3.7050625181744703,0.06666666666666667,0.9333333333333333,periodic,42,20,60,0.0
0.05,0.7687186544926642,0.23128134550733576,3.6691825720613296,0.06666666666666667,0.9333333333333333,periodic,43,20,60,0.0
0.05,0.7673933619478707,0.23260663805212933,3.7522179520109806,0.06666666666666667,0.9333333333333333,periodic,44,20,60,0.0
0.05,0.7691334572695693,0.23086654273043067,3.358052637098481,0.075,0.925,periodic,42,20,60,2.0
0.05,0.7687379507854033,0.23126204921459675,3.3447148408483995,0.075,0.925,periodic,43,20,60,2.0
0.05,0.7673933619478707,0.23260663805212933,3.396736872260283,0.075,0.925,periodic,44,20,60,2.0
0.05,0.770272353686662,0.22972764631333806,3.42117464869995,0.09166666666666666,0.9083333333333333,periodic,42,20,60,4.0
0.05,0.7690619080460593,0.23093809195394063,3.414188023853212,0.09166666666666666,0.9083333333333333,periodic,43,20,60,4.0
0.05,0.7684048694124656,0.23159513058753442,3.4555104472407856,0.08333333333333333,0.9166666666666666,periodic,44,20,60,4.0
0.05,0.7708546096870049,0.22914539031299508,3.441268653306411,0.1,0.9,periodic,42,20,60,6.0
0.05,0.7691087443507343,0.2308912556492657,3.4375510301101664,0.1,0.9,periodic,43,20,60,6.0
0.05,0.7688701718288041,0.23112982817119576,3.478511271558696,0.1,0.9,periodic,44,20,60,6.0
0.05,0.771051841312941,0.22894815868705912,3.4071683101043058,0.11666666666666667,0.8833333333333333,periodic,42,20,60,8.0
0.05,0.7692314857473695,0.23076851425263042,3.399026881721847,0.11666666666666667,0.8833333333333333,periodic,43,20,60,8.0
0.05,0.7692717038312508,0.23072829616874924,3.446455474239691,0.11666666666666667,0.8833333333333333,periodic,44,20,60,8.0
0.05,0.7689887768643078,0.2310112231356922,3.7050625181744703,0.06666666666666667,0.9333333333333333,periodic,42,20,80,0.0
0.05,0.7687186544926642,0.23128134550733576,3.6691825720613296,0.06666666666666667,0.9333333333333333,periodic,43,20,80,0.0
0.05,0.7673933619478707,0.23260663805212933,3.7522179520109806,0.06666666666666667,0.9333333333333333,periodic,44,20,80,0.0
0.05,0.7691334572695693,0.23086654273043067,3.358052637098481,0.075,0.925,periodic,42,20,80,2.0
0.05,0.7687379507854033,0.23126204921459675,3.3447148408483995,0.075,0.925,periodic,43,20,80,2.0
0.05,0.7673933619478707,0.23260663805212933,3.396736872260283,0.075,0.925,periodic,44,20,80,2.0
0.05,0.770272353686662,0.22972764631333806,3.42117464869995,0.09166666666666666,0.9083333333333333,periodic,42,20,80,4.0
0.05,0.7690619080460593,0.23093809195394063,3.414188023853212,0.09166666666666666,0.9083333333333333,periodic,43,20,80,4.0
0.05,0.7684048694124656,0.23159513058753442,3.4555104472407856,0.08333333333333333,0.9166666666666666,periodic,44,20,80,4.0
0.05,0.7708546096870049,0.22914539031299508,3.441268653306411,0.1,0.9,periodic,42,20,80,6.0
0.05,0.7691087443507343,0.2308912556492657,3.4375510301101664,0.1,0.9,periodic,43,20,80,6.0
0.05,0.7688701718288041,0.23112982817119576,3.478511271558696,0.1,0.9,periodic,44,20,80,6.0
0.05,0.771051841312941,0.22894815868705912,3.4071683101043058,0.11666666666666667,0.8833333333333333,periodic,42,20,80,8.0
0.05,0.7692314857473695,0.23076851425263042,3.399026881721847,0.11666666666666667,0.8833333333333333,periodic,43,20,80,8.0
0.05,0.7692717038312508,0.23072829616874924,3.446455474239691,0.11666666666666667,0.8833333333333333,periodic,44,20,80,8.0
