periodic_k,budget,eve_speed,avg_sync_cost,avg_twin_quality,avg_twin_badness,avg_secrecy_rate,outage_prob,success_prob
1,20,0.0,0.16666666666666666,0.5844809009046227,0.4155190990953774,3.6805325658596115,0.10833333333333334,0.8916666666666667
1,20,2.0,0.16666666666666666,0.5845877589051455,0.4154122410948545,3.3327834382539905,0.12222222222222223,0.8777777777777778
1,20,4.0,0.16666666666666666,0.5873674324871621,0.4126325675128381,3.3995404266056575,0.13333333333333333,0.8666666666666667
1,20,6.0,0.16666666666666666,0.5881171107505992,0.4118828892494008,3.41556061447014,0.14722222222222223,0.8527777777777777
1,20,8.0,0.16666666666666666,0.588335607543013,0.4116643924569871,3.391278016587657,0.15,0.85
1,40,0.0,0.3333333333333333,0.67493706604269,0.32506293395730995,3.6805325658596115,0.10833333333333334,0.8916666666666667
1,40,2.0,0.3333333333333333,0.6750071003930757,0.32499289960692423,3.3306478555255175,0.12222222222222223,0.8777777777777778
1,40,4.0,0.3333333333333333,0.675682992615899,0.3243170073841009,3.4002565496816692,0.13333333333333333,0.8666666666666667
1,40,6.0,0.3333333333333333,0.6760218761034027,0.3239781238965973,3.4154399943168268,0.14722222222222223,0.8527777777777777
1,40,8.0,0.3333333333333333,0.6760237709769047,0.32397622902309525,3.391278016587657,0.15,0.85
1,60,0.0,0.5,0.7687660076165885,0.23123399238341139,3.6805325658596115,0.10833333333333334,0.8916666666666667
1,60,2.0,0.5,0.7688120870760716,0.23118791292392837,3.33583975104718,0.12222222222222223,0.8777777777777778
1,60,4.0,0.5,0.770140118774633,0.22985988122536696,3.4006008598565267,0.13333333333333333,0.8666666666666667
1,60,6.0,0.5,0.770140118774633,0.22985988122536696,3.4154399943168268,0.14722222222222223,0.8527777777777777
1,60,8.0,0.5,0.770140118774633,0.22985988122536696,3.391278016587657,0.15,0.85
1,80,0.0,0.6666666666666666,0.8598000154215427,0.1401999845784573,3.6805325658596115,0.10833333333333334,0.8916666666666667
1,80,2.0,0.6666666666666666,0.859817442596162,0.14018255740383787,3.333332503157381,0.12222222222222223,0.8777777777777778
1,80,4.0,0.6666666666666666,0.8602395767443248,0.13976042325567514,3.4006008598565267,0.13333333333333333,0.8666666666666667
1,80,6.0,0.6666666666666666,0.8602395767443248,0.13976042325567514,3.4154399943168268,0.14722222222222223,0.8527777777777777
1,80,8.0,0.6666666666666666,0.8602395767443248,0.13976042325567514,3.391278016587657,0.15,0.85
2,20,0.0,0.16666666666666666,0.6664891922482855,0.33351080775171443,3.6805325658596115,0.10833333333333334,0.8916666666666667
2,20,2.0,0.16666666666666666,0.6665878023264089,0.33341219767359104,3.3304449311126003,0.12222222222222223,0.8777777777777778
2,20,4.0,0.16666666666666666,0.6672921456960319,0.33270785430396804,3.4002333773588362,0.13333333333333333,0.8666666666666667
2,20,6.0,0.16666666666666666,0.6675139062522182,0.3324860937477818,3.4154399943168268,0.14722222222222223,0.8527777777777777
2,20,8.0,0.16666666666666666,0.6675518960939045,0.3324481039060954,3.391278016587657,0.15,0.85
2,40,0.0,0.3333333333333333,0.8468809906843472,0.15311900931565262,3.6805325658596115,0.10833333333333334,0.8916666666666667
2,40,2.0,0.3333333333333333,0.8469127164813638,0.15308728351863612,3.333499193965445,0.12222222222222223,0.8777777777777778
2,40,4.0,0.3333333333333333,0.8474584068941248,0.15254159310587515,3.4006008598565267,0.13333333333333333,0.8666666666666667
2,40,6.0,0.3333333333333333,0.8475141146701884,0.15248588532981144,3.4154399943168268,0.14722222222222223,0.8527777777777777
2,40,8.0,0.3333333333333333,0.8475485347033386,0.15245146529666154,3.391278016587657,0.15,0.85
2,60,0.0,0.5,0.9732524511340754,0.02674754886592461,3.6805325658596115,0.10833333333333334,0.8916666666666667
2,60,2.0,0.5,0.9732701198563597,0.02672988014364036,3.333485024519934,0.12222222222222223,0.8777777777777778
2,60,4.0,0.5,0.9734635126297112,0.026536487370288863,3.4006008598565267,0.13333333333333333,0.8666666666666667
2,60,6.0,0.5,0.9735192204057749,0.02648077959422514,3.4154399943168268,0.14722222222222223,0.8527777777777777
2,60,8.0,0.5,0.9735536404389249,0.026446359561075217,3.39162016276641,0.15,0.85
2,80,0.0,0.5,0.9732524511340754,0.02674754886592461,3.6805325658596115,0.10833333333333334,0.8916666666666667
2,80,2.0,0.5,0.9732701198563597,0.02672988014364036,3.333485024519934,0.12222222222222223,0.8777777777777778
2,80,4.0,0.5,0.9734635126297112,0.026536487370288863,3.4006008598565267,0.13333333333333333,0.8666666666666667
2,80,6.0,0.5,0.9735192204057749,0.02648077959422514,3.4154399943168268,0.14722222222222223,0.8527777777777777
2,80,8.0,0.5,0.9735536404389249,0.026446359561075217,3.39162016276641,0.15,0.85
4,20,0.0,0.16666666666666666,0.8224262511022822,0.17757374889771793,3.6805325658596115,0.10833333333333334,0.8916666666666667
4,20,2.0,0.16666666666666666,0.8224457563499662,0.17755424365003392,3.3330336069353876,0.12222222222222223,0.8777777777777778
4,20,4.0,0.16666666666666666,0.822916460646255,0.17708353935374502,3.4003139382058785,0.13333333333333333,0.8666666666666667
4,20,6.0,0.16666666666666666,0.8230185508305118,0.17698144916948813,3.414848763197399,0.14722222222222223,0.8527777777777777
4,20,8.0,0.16666666666666666,0.8230799997015722,0.17692000029842778,3.391278016587657,0.15,0.85
4,40,0.0,0.25,0.9495622427648002,0.050437757235199776,3.6805325658596115,0.10833333333333334,0.8916666666666667
4,40,2.0,0.25,0.9496243922728368,0.050375607727163284,3.3330785403825085,0.12222222222222223,0.8777777777777778
4,40,4.0,0.25,0.949928728111038,0.05007127188896201,3.4003139382058785,0.13333333333333333,0.8666666666666667
4,40,6.0,0.25,0.9500308182952949,0.04996918170470512,3.414848763197399,0.14722222222222223,0.8527777777777777
4,40,8.0,0.25,0.9500922671663553,0.0499077328336447,3.3915066700947842,0.15,0.85
4,60,0.0,0.25,0.9495622427648002,0.050437757235199776,3.6805325658596115,0.10833333333333334,0.8916666666666667
4,60,2.0,0.25,0.9496243922728368,0.050375607727163284,3.3330785403825085,0.12222222222222223,0.8777777777777778
4,60,4.0,0.25,0.949928728111038,0.05007127188896201,3.4003139382058785,0.13333333333333333,0.8666666666666667
4,60,6.0,0.25,0.9500308182952949,0.04996918170470512,3.414848763197399,0.14722222222222223,0.8527777777777777
4,60,8.0,0.25,0.9500922671663553,0.0499077328336447,3.3915066700947842,0.15,0.85
4,80,0.0,0.25,0.9495622427648002,0.050437757235199776,3.6805325658596115,0.10833333333333334,0.8916666666666667
4,80,2.0,0.25,0.9496243922728368,0.050375607727163284,3.3330785403825085,0.12222222222222223,0.8777777777777778
4,80,4.0,0.25,0.949928728111038,0.05007127188896201,3.4003139382058785,0.13333333333333333,0.8666666666666667
4,80,6.0,0.25,0.9500308182952949,0.04996918170470512,3.414848763197399,0.14722222222222223,0.8527777777777777
4,80,8.0,0.25,0.9500922671663553,0.0499077328336447,3.3915066700947842,0.15,0.85
8,20,0.0,0.125,0.9031264114859114,0.09687358851408852,3.6805325658596115,0.10833333333333334,0.8916666666666667
8,20,2.0,0.125,0.9032324409424307,0.09676755905756922,3.3345970830121936,0.12222222222222223,0.8777777777777778
8,20,4.0,0.125,0.9037069970684671,0.09629300293153285,3.3999643263126167,0.13333333333333333,0.8666666666666667
8,20,6.0,0.125,0.9038359599819334,0.09616404001806665,3.4147189181776714,0.14722222222222223,0.8527777777777777
8,20,8.0,0.125,0.9038982470413662,0.09610175295863377,3.391278016587657,0.15,0.85
8,40,0.0,0.125,0.9031264114859114,0.09687358851408852,3.6805325658596115,0.10833333333333334,0.8916666666666667
8,40,2.0,0.125,0.9032324409424307,0.09676755905756922,3.3345970830121936,0.12222222222222223,0.8777777777777778
8,40,4.0,0.125,0.9037069970684671,0.09629300293153285,3.3999643263126167,0.13333333333333333,0.8666666666666667
8,40,6.0,0.125,0.9038359599819334,0.09616404001806665,3.4147189181776714,0.14722222222222223,0.8527777777777777
8,40,8.0,0.125,0.9038982470413662,0.09610175295863377,3.391278016587657,0.15,0.85
8,60,0.0,0.125,0.9031264114859114,0.09687358851408852,3.6805325658596115,0.10833333333333334,0.8916666666666667
8,60,2.0,0.125,0.9032324409424307,0.09676755905756922,3.3345970830121936,0.12222222222222223,0.8777777777777778
8,60,4.0,0.125,0.9037069970684671,0.09629300293153285,3.3999643263126167,0.13333333333333333,0.8666666666666667
8,60,6.0,0.125,0.9038359599819334,0.09616404001806665,3.4147189181776714,0.14722222222222223,0.8527777777777777
8,60,8.0,0.125,0.9038982470413662,0.09610175295863377,3.391278016587657,0.15,0.85
8,80,0.0,0.125,0.9031264114859114,0.09687358851408852,3.6805325658596115,0.10833333333333334,0.8916666666666667
8,80,2.0,0.125,0.9032324409424307,0.09676755905756922,3.3345970830121936,0.12222222222222223,0.8777777777777778
8,80,4.0,0.125,0.9037069970684671,0.09629300293153285,3.3999643263126167,0.13333333333333333,0.8666666666666667
8,80,6.0,0.125,0.9038359599819334,0.09616404001806665,3.4147189181776714,0.14722222222222223,0.8527777777777777
8,80,8.0,0.125,0.9038982470413662,0.09610175295863377,3.391278016587657,0.15,0.85
12,20,0.0,0.08333333333333333,0.8571193997327256,0.14288060026727437,3.6805325658596115,0.10833333333333334,0.8916666666666667
12,20,2.0,0.08333333333333333,0.8571598404096029,0.14284015959039698,3.332784522171569,0.12222222222222223,0.8777777777777778
12,20,4.0,0.08333333333333333,0.8577439442452013,0.1422560557547986,3.40016317490724,0.13333333333333333,0.8666666666666667
12,20,6.0,0.08333333333333333,0.8579385041215284,0.1420614958784716,3.4134345218346276,0.14722222222222223,0.8527777777777777
12,20,8.0,0.08333333333333333,0.8580520876340848,0.14194791236591506,3.391278016587657,0.15,0.85
12,40,0.0,0.08333333333333333,0.8571193997327256,0.14288060026727437,3.6805325658596115,0.10833333333333334,0.8916666666666667
12,40,2.0,0.08333333333333333,0.8571598404096029,0.14284015959039698,3.332784522171569,0.12222222222222223,0.8777777777777778
12,40,4.0,0.08333333333333333,0.8577439442452013,0.1422560557547986,3.40016317490724,0.13333333333333333,0.8666666666666667
12,40,6.0,0.08333333333333333,0.8579385041215284,0.1420614958784716,3.4134345218346276,0.14722222222222223,0.8527777777777777
12,40,8.0,0.08333333333333333,0.8580520876340848,0.14194791236591506,3.391278016587657,0.15,0.85
12,60,0.0,0.08333333333333333,0.8571193997327256,0.14288060026727437,3.6805325658596115,0.10833333333333334,0.8916666666666667
12,60,2.0,0.08333333333333333,0.8571598404096029,0.14284015959039698,3.332784522171569,0.12222222222222223,0.8777777777777778
12,60,4.0,0.08333333333333333,0.8577439442452013,0.1422560557547986,3.40016317490724,0.13333333333333333,0.8666666666666667
12,60,6.0,0.08333333333333333,0.8579385041215284,0.1420614958784716,3.4134345218346276,0.14722222222222223,0.8527777777777777
12,60,8.0,0.08333333333333333,0.8580520876340848,0.14194791236591506,3.391278016587657,0.15,0.85
12,80,0.0,0.08333333333333333,0.8571193997327256,0.14288060026727437,3.6805325658596115,0.10833333333333334,0.8916666666666667
12,80,2.0,0.08333333333333333,0.8571598404096029,0.14284015959039698,3.332784522171569,0.12222222222222223,0.8777777777777778
12,80,4.0,0.08333333333333333,0.8577439442452013,0.1422560557547986,3.40016317490724,0.13333333333333333,0.8666666666666667
12,80,6.0,0.08333333333333333,0.8579385041215284,0.1420614958784716,3.4134345218346276,0.14722222222222223,0.8527777777777777
12,80,8.0,0.08333333333333333,0.8580520876340848,0.14194791236591506,3.391278016587657,0.15,0.85
16,20,0.0,0.06666666666666667,0.8171593885771,0.18284061142289995,3.6805325658596115,0.10833333333333334,0.8916666666666667
16,20,2.0,0.06666666666666667,0.8172654180336193,0.18273458196638062,3.333222490872334,0.12222222222222223,0.8777777777777778
16,20,4.0,0.06666666666666667,0.8182842347618157,0.1817157652381843,3.399897992113948,0.13333333333333333,0.8666666666666667
16,20,6.0,0.06666666666666667,0.8185160893437607,0.18148391065623926,3.4147440845700316,0.14722222222222223,0.8527777777777777
16,20,8.0,0.06666666666666667,0.8186226228299844,0.18137737717001556,3.391278016587657,0.15,0.85
16,40,0.0,0.06666666666666667,0.8171593885771,0.18284061142289995,3.6805325658596115,0.10833333333333334,0.8916666666666667
16,40,2.0,0.06666666666666667,0.8172654180336193,0.18273458196638062,3.333222490872334,0.12222222222222223,0.8777777777777778
16,40,4.0,0.06666666666666667,0.8182842347618157,0.1817157652381843,3.399897992113948,0.13333333333333333,0.8666666666666667
16,40,6.0,0.06666666666666667,0.8185160893437607,0.18148391065623926,3.4147440845700316,0.14722222222222223,0.8527777777777777
16,40,8.0,0.06666666666666667,0.8186226228299844,0.18137737717001556,3.391278016587657,0.15,0.85
16,60,0.0,0.06666666666666667,0.8171593885771,0.18284061142289995,3.6805325658596115,0.10833333333333334,0.8916666666666667
16,60,2.0,0.06666666666666667,0.8172654180336193,0.18273458196638062,3.333222490872334,0.12222222222222223,0.8777777777777778
16,60,4.0,0.06666666666666667,0.8182842347618157,0.1817157652381843,3.399897992113948,0.13333333333333333,0.8666666666666667
16,60,6.0,0.06666666666666667,0.8185160893437607,0.18148391065623926,3.4147440845700316,0.14722222222222223,0.8527777777777777
16,60,8.0,0.06666666666666667,0.8186226228299844,0.18137737717001556,3.391278016587657,0.15,0.85
16,80,0.0,0.06666666666666667,0.8171593885771,0.18284061142289995,3.6805325658596115,0.10833333333333334,0.8916666666666667
16,80,2.0,0.06666666666666667,0.8172654180336193,0.18273458196638062,3.333222490872334,0.12222222222222223,0.8777777777777778
16,80,4.0,0.06666666666666667,0.8182842347618157,0.1817157652381843,3.399897992113948,0.13333333333333333,0.8666666666666667
16,80,6.0,0.06666666666666667,0.8185160893437607,0.18148391065623926,3.4147440845700316,0.14722222222222223,0.8527777777777777
16,80,8.0,0.06666666666666667,0.8186226228299844,0.18137737717001556,3.391278016587657,0.15,0.85
20,20,0.0,0.05000000000000001,0.7645669311016142,0.2354330688983858,3.6805325658596115,0.10833333333333334,0.8916666666666667
20,20,2.0,0.05000000000000001,0.7646215900009478,0.23537840999905227,3.335201774561861,0.12222222222222223,0.8777777777777778
20,20,4.0,0.05000000000000001,0.7654463770483956,0.2345536229516044,3.3989147193618514,0.13333333333333333,0.8666666666666667
20,20,6.0,0.05000000000000001,0.7658111752888478,0.2341888247111522,3.4144108676159868,0.14722222222222223,0.8527777777777777
20,20,8.0,0.05000000000000001,0.7660516769638538,0.2339483230361463,3.391278016587657,0.15,0.85
20,40,0.0,0.05000000000000001,0.7645669311016142,0.2354330688983858,3.6805325658596115,0.10833333333333334,0.8916666666666667
20,40,2.0,0.05000000000000001,0.7646215900009478,0.23537840999905227,3.335201774561861,0.12222222222222223,0.8777777777777778
20,40,4.0,0.05000000000000001,0.7654463770483956,0.2345536229516044,3.3989147193618514,0.13333333333333333,0.8666666666666667
20,40,6.0,0.05000000000000001,0.7658111752888478,0.2341888247111522,3.4144108676159868,0.14722222222222223,0.8527777777777777
20,40,8.0,0.05000000000000001,0.7660516769638538,0.2339483230361463,3.391278016587657,0.15,0.85
20,60,0.0,0.05000000000000001,0.7645669311016142,0.2354330688983858,3.6805325658596115,0.10833333333333334,0.8916666666666667
20,60,2.0,0.05000000000000001,0.7646215900009478,0.23537840999905227,3.335201774561861,0.12222222222222223,0.8777777777777778
20,60,4.0,0.05000000000000001,0.7654463770483956,0.2345536229516044,3.3989147193618514,0.13333333333333333,0.8666666666666667
20,60,6.0,0.05000000000000001,0.7658111752888478,0.2341888247111522,3.4144108676159868,0.14722222222222223,0.8527777777777777
20,60,8.0,0.05000000000000001,0.7660516769638538,0.2339483230361463,3.391278016587657,0.15,0.85
20,80,0.0,0.05000000000000001,0.7645669311016142,0.2354330688983858,3.6805325658596115,0.10833333333333334,0.8916666666666667
20,80,2.0,0.05000000000000001,0.7646215900009478,0.23537840999905227,3.335201774561861,0.12222222222222223,0.8777777777777778
20,80,4.0,0.05000000000000001,0.7654463770483956,0.2345536229516044,3.3989147193618514,0.13333333333333333,0.8666666666666667
20,80,6.0,0.05000000000000001,0.7658111752888478,0.2341888247111522,3.4144108676159868,0.14722222222222223,0.8527777777777777
20,80,8.0,0.05000000000000001,0.7660516769638538,0.2339483230361463,3.391278016587657,0.15,0.85
